{
  "word_fragmentation": {
    "mean_tokens_per_word": 1.740452011700425,
    "one_token": 0.4646823525279842,
    "two_token": 0.36166141518947964,
    "three_or_more_tokens": 0.17365623228253615
  }
}