{
  "word_fragmentation": {
    "mean_tokens_per_word": 1.740464934151843,
    "one_token": 0.4651374448137774,
    "two_token": 0.3607668335962589,
    "three_or_more_tokens": 0.1740957215899637
  }
}