{
  "token_length": {
    "mean": 4.104381578164342,
    "median": 4.0,
    "std": 2.017626285954184,
    "min": 1.0,
    "max": 15.0
  }
}