{
  "token_length": {
    "mean": 4.104002130329486,
    "median": 4.0,
    "std": 2.0193500755025218,
    "min": 1.0,
    "max": 15.0
  }
}