{
  "compression_ratio": {
    "bpe_mean": 4.117989484490163,
    "bpe_std": 0.20162087807856954,
    "bpe_min": 3.4927007299270074,
    "bpe_max": 4.881889763779528,
    "byte_level_mean": 1.0
  }
}