{
  "compression_ratio": {
    "bpe_mean": 4.118064406111638,
    "bpe_std": 0.20159724617260985,
    "bpe_min": 3.4927007299270074,
    "bpe_max": 4.881889763779528,
    "byte_level_mean": 1.0
  }
}