{
  "compression_ratio": {
    "bpe_mean": 4.118587801725691,
    "bpe_std": 0.216054395096417,
    "bpe_min": 3.5018450184501844,
    "bpe_max": 5.0476190476190474,
    "byte_level_mean": 1.0
  }
}