{
  "compression_ratio": {
    "bpe_mean": 4.118703084779651,
    "bpe_std": 0.2162464154396548,
    "bpe_min": 3.5018450184501844,
    "bpe_max": 5.0476190476190474,
    "byte_level_mean": 1.0
  }
}