{
  "compression_ratio": {
    "bpe_mean": 4.121216474216062,
    "bpe_std": 0.20928225105919823,
    "bpe_min": 3.5011494252873563,
    "bpe_max": 4.872340425531915,
    "byte_level_mean": 1.0
  }
}