{
  "compression_ratio": {
    "bpe_mean": 4.125450981433883,
    "bpe_std": 0.19702329962305049,
    "bpe_min": 3.5880597014925373,
    "bpe_max": 4.80225988700565,
    "byte_level_mean": 1.0
  }
}