{
  "compression_ratio": {
    "bpe_mean": 4.121302843793401,
    "bpe_std": 0.2092853465156532,
    "bpe_min": 3.5011494252873563,
    "bpe_max": 4.872340425531915,
    "byte_level_mean": 1.0
  }
}