{
  "compression_ratio": {
    "bpe_mean": 4.1255340014449935,
    "bpe_std": 0.21127084491939438,
    "bpe_min": 3.334975369458128,
    "bpe_max": 5.064327485380117,
    "byte_level_mean": 1.0
  }
}