{
  "word_fragmentation": {
    "mean_tokens_per_word": 1.7401376595355411,
    "one_token": 0.46544947541748943,
    "two_token": 0.3600282637359864,
    "three_or_more_tokens": 0.17452226084652414
  }
}